{"cameraMode":{"drawMode":0,"name":"Shaded","section":"Shading Mode"},"sceneLighting":true,"audioPlay":false,"sceneViewState":{"m_AlwaysRefresh":false,"showFog":true,"showSkybox":true,"showFlares":true,"showImageEffects":true,"showParticleSystems":true,"showVisualEffectGraphs":true,"m_FxEnabled":true},"in2DMode":false,"pivot":{"x":-2.0144762992858888,"y":13.314629554748536,"z":-5.6621503829956059},"rotation":{"x":0.0021840694826096298,"y":-0.9780248403549194,"z":0.010588104836642743,"w":0.20843371748924256},"size":12.212554931640625,"orthographic":false}