{"cameraMode":{"drawMode":0,"name":"Shaded","section":"Shading Mode"},"sceneLighting":true,"audioPlay":false,"sceneViewState":{"m_AlwaysRefresh":false,"showFog":true,"showSkybox":true,"showFlares":true,"showImageEffects":true,"showParticleSystems":true,"showVisualEffectGraphs":true,"m_FxEnabled":true},"in2DMode":false,"pivot":{"x":54.79990768432617,"y":-7.891463756561279,"z":-54.699501037597659},"rotation":{"x":-0.043977439403533939,"y":-0.9062042236328125,"z":0.09711911529302597,"w":-0.4092652201652527},"size":40.294002532958987,"orthographic":false}