{"cameraMode":{"drawMode":0,"name":"Shaded","section":"Shading Mode"},"sceneLighting":false,"audioPlay":false,"sceneViewState":{"showFog":true,"showMaterialUpdate":false,"showSkybox":false,"showFlares":true,"showImageEffects":true,"showParticleSystems":true},"in2DMode":false,"pivot":{"x":5.794939041137695,"y":27.00188636779785,"z":-1.4299999475479127},"rotation":{"x":-0.004768982529640198,"y":-0.9803023934364319,"z":0.02383527159690857,"w":-0.19605670869350434},"size":12.540792465209961,"orthographic":false}