{"cameraMode":{"drawMode":0,"name":"Shaded","section":"Shading Mode"},"sceneLighting":false,"audioPlay":false,"sceneViewState":{"showFog":true,"showMaterialUpdate":false,"showSkybox":false,"showFlares":true,"showImageEffects":true,"showParticleSystems":true},"in2DMode":false,"pivot":{"x":5.794939041137695,"y":11.411887168884278,"z":-1.4299999475479127},"rotation":{"x":-0.07036073505878449,"y":-0.9099963307380676,"z":0.17294469475746156,"w":-0.3702259361743927},"size":12.540792465209961,"orthographic":false}