{"cameraMode":{"drawMode":0,"name":"Shaded","section":"Shading Mode"},"sceneLighting":false,"audioPlay":false,"sceneViewState":{"showFog":true,"showMaterialUpdate":false,"showSkybox":false,"showFlares":true,"showImageEffects":true,"showParticleSystems":true},"in2DMode":false,"pivot":{"x":5.794939041137695,"y":11.411887168884278,"z":-1.4299999475479127},"rotation":{"x":0.01197837945073843,"y":-0.9879072904586792,"z":0.10142742842435837,"w":0.11672461032867432},"size":12.540792465209961,"orthographic":false}