{"cameraMode":{"drawMode":0,"name":"Shaded","section":"Shading Mode"},"sceneLighting":true,"audioPlay":false,"sceneViewState":{"showFog":true,"showMaterialUpdate":false,"showSkybox":true,"showFlares":true,"showImageEffects":true,"showParticleSystems":true},"in2DMode":false,"pivot":{"x":11.999613761901856,"y":8.28209114074707,"z":0.1283523291349411},"rotation":{"x":-0.004249637480825186,"y":0.6649914979934692,"z":0.003784448141232133,"w":0.7468317747116089},"size":46.06059646606445,"orthographic":false}